M. No.,,Mission Name,Назва Місії,Название Миссии,Mission Description,Опис Місії,Описание Миссии,Order,Portal Name,Portal URL,Objective,Question,Passphrase,Coordinates,Description
1,Any order,"MD: Dnipro, Alley of Glory",Алея слави,Аллея славы,One of the reminders about the eternal feat of soldiers and guerrillas who died during the World War II. It is situated above the Dnieper River featuring panoramic view of the Dnieper valley.,"Алея Вічної Слави над набережною Дніпра є одним з нагадувань про вічний подвиг воїнів, партизанів і підпільників, які загинули під час Другої світової війни. З неї починається проспект Яворницького, який об'єднує місто з долиною Дніпра в єдине ціле.","Одним из напоминаний о вечном подвиге воинов, партизан и подпольщиков, погибших во времена Второй мировой войны, является Аллея Вечной Славы над набережной Днепра. С нее начинается проспект Яворницкого, объединяющий город с долиной Днепра в единое целое.",1,Monument of Glory,"https://www.ingress.com/intel?ll=48.451329,35.07132&z=17&pll=48.451329,35.07132",Hack this Portal,,,"48.451329,35.07132",
1,,,,,,,,2,Remembrance,"https://www.ingress.com/intel?ll=48.451444,35.070659&z=17&pll=48.451444,35.070659",Hack this Portal,,,"48.451444,35.070659",
1,,,,,,,,3,"Воинам, Партизанам, Подпольщик","https://www.ingress.com/intel?ll=48.451722,35.070819&z=17&pll=48.451722,35.070819",Hack this Portal,,,"48.451722,35.070819",
1,,,,,,,,4,Аллея Сакуры,"https://www.ingress.com/intel?ll=48.452239,35.069562&z=17&pll=48.452239,35.069562",Hack this Portal,,,"48.452239,35.069562",
1,,,,,,,,5,Пам'ятник медичним працівникам,"https://www.ingress.com/intel?ll=48.453176,35.068633&z=17&pll=48.453176,35.068633",Hack this Portal,,,"48.453176,35.068633",
1,,,,,,,,6,Аллея 20-летия победы,"https://www.ingress.com/intel?ll=48.453198,35.067557&z=17&pll=48.453198,35.067557",Hack this Portal,,,"48.453198,35.067557",
1,,,,,,,,7,Monument to General Pushkin,"https://www.ingress.com/intel?ll=48.454346,35.065441&z=17&pll=48.454346,35.065441",Hack this Portal,,,"48.454346,35.065441",
,,,,,,,,,,,,,,#VALUE!,
2,Any order,"MD: Dnipro, Historical Museum",Історичний музей,Исторический музей,"Museum was founded in 1849 as the ""Museum of Antiquities of Ekaterinoslav province"", and further developed by Academician Dmitri Yavornytsky - its director for more than 30 years since 1902.
Near the museum there's a unique collection of Polovtsian stone sculptures (babas). The collection includes more than 80 statues. It is the largest one in Europe. The statues cover a very long time period - from the third millennium B.C. and to the XIII century.","Будівля є пам'яткою архітектури національного значення. Історичний музей був заснований ще в 1849 році як ""Музей старожитностей Катеринославської губернії"". Становлення і розвиток музею тісно пов'язані з ім'ям академіка Дмитра Івановича Яворницького, який був директором музею понад 30 років з 1902 року.

Поруч з музеєм розташована унікальна колекція половецьких кам’яних скульптур (баб). Зібрання нараховує більше 80 статуй. Колекція є найбільшою в Європі. Статуї охоплюють дуже великий часовий проміжок - від третього тисячоліття до н.е. і закінчуючи XIII століттям.","Здание является памятником архитектуры национального значения. Исторический музей был основан еще в 1849 году как ""Музей древностей Екатеринославской губернии"". Становление и развитие музея тесно связано с именем академика Дмитрия Ивановича Яворницкого, который был директором музея более 30 лет с 1902 года.

Рядом с музеем расположена уникальная коллекция половецких каменных скульптур (баб). Собрание насчитывает более 80 статуй. Коллекция является самой большой в Европе. Статуи охватывают очень большой временной промежуток – от третьего тысячелетия до н.э. и заканчивая XIII веком.",1,Каменные бабы,"https://www.ingress.com/intel?ll=48.455317,35.064503&z=17&pll=48.455317,35.064503",Hack this Portal,,,"48.455317,35.064503",
2,,,,,,,,2,Каменный дед,"https://www.ingress.com/intel?ll=48.455719,35.064296&z=17&pll=48.455719,35.064296",Hack this Portal,,,"48.455719,35.064296",
2,,,,,,,,3,Скифские бабы,"https://www.ingress.com/intel?ll=48.455607,35.063921&z=17&pll=48.455607,35.063921",Hack this Portal,,,"48.455607,35.063921",
2,,,,,,,,4,Пушка,"https://www.ingress.com/intel?ll=48.455717,35.063872&z=19&pll=48.455717,35.063872",Hack this Portal,,,"48.455717,35.063872",
2,,,,,,,,5,історичний музей,"https://www.ingress.com/intel?ll=48.45574,35.063684&z=19&pll=48.45574,35.063684",Hack this Portal,,,"48.45574,35.063684",
2,,,,,,,,6,Будинок Музею Старожитностей,"https://www.ingress.com/intel?ll=48.455881,35.063451&z=17&pll=48.455881,35.063451",Hack this Portal,,,"48.455881,35.063451",
2,,,,,,,,7,пам'ятник Д.І. Яворницькому,"https://www.ingress.com/intel?ll=48.456091,35.0637&z=19&pll=48.456091,35.0637",Hack this Portal,,,"48.456091,35.0637",
,,,,,,,,,,,,,,#VALUE!,
3,Any order,"MD: Dnipro, Soborna Square",Соборна площа,Соборная площадь,"Soborna square (Sobor means Cathedral in Russian) was designed by the architects of Duke Potemkin as the city center, with palaces and a grandiose Transfiguration Cathedral built in 19th century.","Початкова назва - Соборна. Спроектована архітекторами князя Потьомкіна як центр імперського міста, з палацами і грандіозним собором. В середині 19 століття в її центрі був побудований Преображенський собор. Пізніше перейменована на честь Жовтневої революції. У 2015 році площі повернули історичну назву.","Изначальное название - Соборная. Спроектирована архитекторами князя Потемкина как центр имперского города, с дворцами и грандиозным собором. В середине 19 века в её центре был построен Преображенский собор. Позже переименована в честь Октябрьской революции. В 2015 году площади вернули историческое название.",1,Октябрьская площадь помнит,"https://www.ingress.com/intel?ll=48.45655,35.062282&z=19&pll=48.45655,35.062282",Hack this Portal,,,"48.45655,35.062282",
3,,,,,,,,2,Вечный огонь. Диорама.,"https://www.ingress.com/intel?ll=48.456979,35.062652&z=19&pll=48.456979,35.062652",Hack this Portal,,,"48.456979,35.062652",
3,,,,,,,,3,Братская могила. Диорама.,"https://www.ingress.com/intel?ll=48.457173,35.063095&z=19&pll=48.457173,35.063095",Hack this Portal,,,"48.457173,35.063095",
3,,,,,,,,4,Подвига павших будьте достойны,"https://www.ingress.com/intel?ll=48.457622,35.063756&z=19&pll=48.457622,35.063756",Hack this Portal,,,"48.457622,35.063756","48.467733,35.061467"
3,,,,,,,,5,В честь злуки УНР та ЗУНР,"https://www.ingress.com/intel?ll=48.457569,35.064175&z=17&pll=48.457569,35.064175",Hack this Portal,,,"48.457569,35.064175",
3,,,,,,,,6,Аллея освободителей,"https://www.ingress.com/intel?ll=48.457782,35.063961&z=20&pll=48.457782,35.063961",Hack this Portal,,,"48.457782,35.063961",
3,,,,,,,,7,Монумент загиблим солдатам пра,"https://www.ingress.com/intel?ll=48.458639,35.06505&z=19&pll=48.458639,35.06505",Hack this Portal,,,"48.458639,35.06505",
,,,,,,,,,,,,,,#VALUE!,
4,Any order,"MD: Dnipro, Battle for the Dnieper diorama",Діорама битви за Дніпро,Диорама битвы за Днепр,"The diorama ""Battle for the Dnieper in Viysʹkove-Vovnihy area"" opening was devoted to the 30th World War II Victory anniversary. It is the largest diorama in Ukraine and the second largest in the Europe. It is the center of the big memorial complex 
dedicated to the heroes and events of the Great Patriotic War. ","Діорама «Битва за Дніпро в районі Військове-Вовніги» була відкрита до 30-річчя Перемоги у Другій Світовій війні 1939-1945 років (1975 г.). Це найбільша діорама в Україні, друга за площею в Європі (після бєлгородської діорами ""Курська битва"") і одна з найбільших в світі.","Диорама «Битва за Днепр в районе Войсковое-Вовниги» была открыта к 30-летию Победы народа во Второй Мировой войне 1939-1945 годов (1975 г.). Самая большая диорама в Украине, вторая по площади в Европе (после белгородской диорамы “Курская битва”) и одна из крупнейших в мире.",1,Диорама Днепропетровск,"https://www.ingress.com/intel?ll=48.456375,35.063938&z=19&pll=48.456375,35.063938",Hack this Portal,,,"48.456375,35.063938",
4,,,,,,,,2,Зенитная Установка,"https://www.ingress.com/intel?ll=48.45655,35.064319&z=19&pll=48.45655,35.064319",Hack this Portal,,,"48.45655,35.064319",
4,,,,,,,,3,30 лет Победы Советского Народа,"https://www.ingress.com/intel?ll=48.456511,35.064611&z=19&pll=48.456511,35.064611",Hack this Portal,,,"48.456511,35.064611",
4,,,,,,,,4,Гаубица Шнейдера,"https://www.ingress.com/intel?ll=48.456122,35.064678&z=17&pll=48.456122,35.064678",Hack this Portal,,,"48.456122,35.064678",
4,,,,,,,,5,Soviet 37 mm Automatic Air Def,"https://www.ingress.com/intel?ll=48.456212,35.06509&z=17&pll=48.456212,35.06509",Hack this Portal,,,"48.456212,35.06509",
4,,,,,,,,6,Т-70М / Dnepropetrovsk / Ukrai,"https://www.ingress.com/intel?ll=48.456525,35.06505&z=19&pll=48.456525,35.06505",Hack this Portal,,,"48.456525,35.06505",
4,,,,,,,,7,Т-34,"https://www.ingress.com/intel?ll=48.456731,35.064784&z=19&pll=48.456731,35.064784",Hack this Portal,,,"48.456731,35.064784",
4,,,,,,,,8,Пусковая Установка ЗРК C-125,"https://www.ingress.com/intel?ll=48.456956,35.06478&z=17&pll=48.456956,35.06478",Hack this Portal,,,"48.456956,35.06478",
4,,,,,,,,9,Катюша,"https://www.ingress.com/intel?ll=48.456646,35.064451&z=19&pll=48.456646,35.064451",Hack this Portal,,,"48.456646,35.064451",
4,,,,,,,,10,122-мм гаубица М-30,"https://www.ingress.com/intel?ll=48.456636,35.064141&z=19&pll=48.456636,35.064141",Hack this Portal,,,"48.456636,35.064141",
,,,,,,,,,,,,,,#VALUE!,
5,Any order,"MD: Dnipro, Saviour's Transfiguration Cathedral",Спасо-преображенський собор,Спасо-преображенский собор,"Transfiguration Cathedral, which crowned the city of Yekaterinoslav (the old name of the Dnipro), is the second largest cathedral church of the Ukrainian Orthodox Church (Moscow Patriarchate). The first its stone was reportedly laid by Russian Empress Catherine II.","Дніпровський Спасо-Преображенський кафедральний собор прикрашає місце закладки міста Катеринослава (стара назва Дніпра) і є другим за значимістю та величиною кафедральним храмом єпархії Української Православної Церкви (Московського Патріархату). Як стверджують історики, перший камінь для будівництва цього собору закладала імператриця Російської Імперії Катерина II.","Днепровский Спасо-Преображенский кафедральный собор, увенчавший место закладки города Екатеринослава (старое название Днепра), является вторым по значимости и величине кафедральным храмом епархии Украинской Православной Церкви (Московского Патриархата). Как утверждают историки, первый камень для постройки этого собора закладывала сама Екатерина II.",1,Пам'ятник Олександру Матросову,"https://www.ingress.com/intel?ll=48.459025,35.06662&z=17&pll=48.459025,35.06662",Hack this Portal,,,"48.459025,35.06662",
5,,,,,,,,2,памятник Комсомолу,"https://www.ingress.com/intel?ll=48.458616,35.06639&z=17&pll=48.458616,35.06639",Hack this Portal,,,"48.458616,35.06639",
5,,,,,,,,3,Orthodox Church,"https://www.ingress.com/intel?ll=48.458257,35.066444&z=17&pll=48.458257,35.066444",Hack this Portal,,,"48.458257,35.066444",
5,,,,,,,,4,Верстовая Миля,"https://www.ingress.com/intel?ll=48.457969,35.066958&z=17&pll=48.457969,35.066958",Hack this Portal,,,"48.457969,35.066958",
5,,,,,,,,5,Дом где жил Поль А.Н.,"https://www.ingress.com/intel?ll=48.458422,35.068526&z=17&pll=48.458422,35.068526",Hack this Portal,,,"48.458422,35.068526",
5,,,,,,,,6,будинок-музей Дмитра Яворницьк,"https://www.ingress.com/intel?ll=48.460601,35.068703&z=17&pll=48.460601,35.068703",Enter the passphrase,Year of birth of Dmitry Yavornytsky? Рік народження Дмитра Явороницького?,1855,"48.460601,35.068703",
,,,,,,,,,,,,,,#VALUE!,
6,Any order,"MD: Dnipro, Shevchenko Park",Парк Шевченка,Парк Шевченко,"From 1790s to 1925 it was Duke Potemkin garden, and now it is the oldest recreational park of Dnipro city, named after national poet Taras Shevchenko. It was partially founded by cossack Lazar Hloba. There are about 8000 trees and more than 5000 bushes of 68 species.",З 1790-х до 1925 року це був сад Князя Потьомкіна. А зараз парк культури та відпочинку імені Тараса Григоровича Шевченка — центральный і найстаріший парк Дніпра. Нараховує біля 8000 дерев та більше 5000 чагарників 68 видів. Площа парку разом з Монастирським островом — 36 гектарів. Ділиться на берегову та острівну частини.,Парк культуры и отдыха им. Т. Г. Шевченко (с 1790-х до 1925 года — Потёмкинский сад) — центральный и старейший парк города Днепр. Насчитывает около 8000 деревьев и более 5000 кустарников 68 видов. Площадь парка вместе с Монастырским островом — 36 га. Делится на береговую и островную части.,1,Центральний парк ім. Шевченка,"https://www.ingress.com/intel?ll=48.460655,35.069556&z=17&pll=48.460655,35.069556",Hack this Portal,,,"48.460655,35.069556",
6,,,,,,,,2,Шахова Алея,"https://www.ingress.com/intel?ll=48.46119,35.069731&z=17&pll=48.46119,35.069731",Hack this Portal,,,"48.46119,35.069731",
6,,,,,,,,3,Karuna V. P.,"https://www.ingress.com/intel?ll=48.461326,35.069066&z=17&pll=48.461326,35.069066",Hack this Portal,,,"48.461326,35.069066",
6,,,,,,,,4,Большая шахматная доска,"https://www.ingress.com/intel?ll=48.461568,35.0695&z=17&pll=48.461568,35.0695",Hack this Portal,,,"48.461568,35.0695",
6,,,,,,,,5,Дерево Университетов,"https://www.ingress.com/intel?ll=48.460851,35.070274&z=17&pll=48.460851,35.070274",Hack this Portal,,,"48.460851,35.070274",
6,,,,,,,,6,Дворец студентов,"https://www.ingress.com/intel?ll=48.460664,35.070901&z=17&pll=48.460664,35.070901",Hack this Portal,,,"48.460664,35.070901",
6,,,,,,,,7,Lion / Dnepropetrovsk / Ukrain,"https://www.ingress.com/intel?ll=48.461445,35.070913&z=17&pll=48.461445,35.070913",Hack this Portal,,,"48.461445,35.070913",
6,,,,,,,,8,Гранитная Инсталяция,"https://www.ingress.com/intel?ll=48.463294,35.072624&z=17&pll=48.463294,35.072624",Hack this Portal,,,"48.463294,35.072624",
6,,,,,,,,9,Пам'ятник оленям,"https://www.ingress.com/intel?ll=48.463567,35.070285&z=17&pll=48.463567,35.070285",Hack this Portal,,,"48.463567,35.070285",
6,,,,,,,,10,Fontain,"https://www.ingress.com/intel?ll=48.464436,35.068983&z=17&pll=48.464436,35.068983",Hack this Portal,,,"48.464436,35.068983",
6,,,,,,,,11,Летний театр,"https://www.ingress.com/intel?ll=48.462795,35.068372&z=17&pll=48.462795,35.068372",Hack this Portal,,,"48.462795,35.068372",
,,,,,,,,,,,,,,#VALUE!,
7,Any order,"MD: Dnipro, Volodymyr Vernadsky str.",Вулиця Володимира Вернадського,Улица Владимира Вернадского,"Vladimir Vernadsky is a founder of geochemistry, biogeochemistry, radiogeology, the study of living matter and the biosphere, the transition of the biosphere to the noosphere.","Володимир Іванович Вернадський (1863-1945 рр.) був блискучим мінерологом, кристалографом, геологом. Він є основоположником геохімії, біогеохімії, радіогеології, вчення про живу речовину та біосферу, про перехід біосфери в ноосферу. Вчений-енциклопедист глибоко цікавився філософією, історією релігій та громадськими науками.","Владимир Иванович Вернадский (1863-1945 гг.) - блестящий минералог, кристаллограф, геолог, основоположник геохимии, биогеохимии, радиогеологии, учения о живом веществе и биосфере, о переходе биосферы в ноосферу, ученый-энциклопедист, глубоко интересовавшийся философией, историей религий и общественными науками.",6,Planetarium,"https://www.ingress.com/intel?ll=48.462357,35.058825&z=17&pll=48.462357,35.058825",Hack this Portal,,,"48.462357,35.058825",
7,,,,,,,,5,Fountain,"https://www.ingress.com/intel?ll=48.461445,35.059332&z=17&pll=48.461445,35.059332",Hack this Portal,,,"48.461445,35.059332",
7,,,,,,,,4,Chess and Checkers Club,"https://www.ingress.com/intel?ll=48.461755,35.061142&z=17&pll=48.461755,35.061142",Enter the passphrase,Year of birth of Joseph Urih? Рік народження Йосипа Уріха?,1913,"48.461755,35.061142",
7,,,,,,,,3,Sokolov,"https://www.ingress.com/intel?ll=48.461469,35.061435&z=17&pll=48.461469,35.061435",Hack this Portal,,,"48.461469,35.061435",
7,,,,,,,,2,Zadoncev,"https://www.ingress.com/intel?ll=48.461405,35.061041&z=17&pll=48.461405,35.061041",Hack this Portal,,,"48.461405,35.061041",
7,,,,,,,,1,Карандаши,"https://www.ingress.com/intel?ll=48.462502,35.064958&z=17&pll=48.462502,35.064958",Hack this Portal,,,"48.462502,35.064958",
,,,,,,,,,,,,,,#VALUE!,
8,Any order,"MD: Dnipro, Menorah",Менора,Менора,"The Menorah center is a cultural and business center of the Jewish community in Dnipro in Eastern Ukraine. The heart of the complex is the historic Golden Rose central synagogue, built in the 19th century.","Центр Менора - це культурний та діловий центр єврейської громади у Дніпрі на Східній Україні. Серце комплексу - історична центральна синагога Золота Роза, побудована в XIX столітті.","Центр Менора - это культурный и деловой центр еврейской общины в Днепре на востоке Украины. Сердцем комплекса является историческая центральная синагога Золотого Роза, построенная в 19 веке.",11,"Манжура І.І., пам'ятна дошка","https://www.ingress.com/intel?ll=48.462275,35.05113&z=17&pll=48.462275,35.05113",Hack this Portal,,,"48.462275,35.05113",
8,,,,,,,,10,Fort Knox,"https://www.ingress.com/intel?ll=48.462891,35.053167&z=17&pll=48.462891,35.053167",Hack this Portal,,,"48.462891,35.053167",
8,,,,,,,,9,Golden Rose Synagogue,"https://www.ingress.com/intel?ll=48.463877,35.052942&z=17&pll=48.463877,35.052942",Hack this Portal,,,"48.463877,35.052942",
8,,,,,,,,8,Menorah,"https://www.ingress.com/intel?ll=48.464334,35.05379&z=17&pll=48.464334,35.05379",Enter the passphrase,"The number of the towers of the Menorah building? Скільки башт у будівлі ""Менора""?",7,"48.464334,35.05379","Some sources declare it to be the biggest multifunctional Jewish community center in Europe or in the world.The heart of the complex is the historic Golden Rose central synagogue, built in the 19th century."
8,,,,,,,,7,Zden,"https://www.ingress.com/intel?ll=48.464565,35.054077&z=17&pll=48.464565,35.054077",Hack this Portal,,,"48.464565,35.054077",
8,,,,,,,,6,Angelu,"https://www.ingress.com/intel?ll=48.464487,35.054383&z=17&pll=48.464487,35.054383",Hack this Portal,,,"48.464487,35.054383",
8,,,,,,,,5,Yakov Samarskiy Monument,"https://www.ingress.com/intel?ll=48.463112,35.055718&z=17&pll=48.463112,35.055718",Hack this Portal,,,"48.463112,35.055718",
8,,,,,,,,4,"вилла ""Барселона""","https://www.ingress.com/intel?ll=48.463048,35.05594&z=17&pll=48.463048,35.05594",Hack this Portal,,,"48.463048,35.05594",
8,,,,,,,,3,Нотариус,"https://www.ingress.com/intel?ll=48.463189,35.056292&z=17&pll=48.463189,35.056292",Hack this Portal,,,"48.463189,35.056292",
8,,,,,,,,2,Grigoriy Savchenko,"https://www.ingress.com/intel?ll=48.463255,35.056674&z=17&pll=48.463255,35.056674",Hack this Portal,,,"48.463255,35.056674",
8,,,,,,,,1,Менделеев Д.И.,"https://www.ingress.com/intel?ll=48.463313,35.056943&z=17&pll=48.463313,35.056943",Hack this Portal,,,"48.463313,35.056943",
,,,,,,,,,,,,,,#VALUE!,
9,Any order,"MD: Dnipro, Katerynoslavs'kyi Boulevard",Катеринославський бульвар,Екатеринославский бульвар,In the first half of the 19th century Ekaterinoslav boulevard existed as part of another street. There is an opinion that it was here when the first stone house of the city was built. ,"У першій половині 19 століття Катеринославський бульвар був частиною іншої вулиці. Існує думка, що саме тут було побудовано перший кам'яний будинок міста.","В первой половине XIX века Екатеринославский бульвар существовал как часть другой улицы. Есть мнение, что именно здесь был построен первый каменный дом города.",7,Kaspiy Hotel,"https://www.ingress.com/intel?ll=48.460768,35.048866&z=17&pll=48.460768,35.048866",Hack this Portal,,,"48.460768,35.048866",
9,,,,,,,,6,"Енігма, діловий комплекс","https://www.ingress.com/intel?ll=48.460608,35.049165&z=17&pll=48.460608,35.049165",Hack this Portal,,,"48.460608,35.049165",
9,,,,,,,,5,Bosfor,"https://www.ingress.com/intel?ll=48.460767,35.049447&z=17&pll=48.460767,35.049447",Hack this Portal,,,"48.460767,35.049447",
9,,,,,,,,4,Екатеринославский фонтан,"https://www.ingress.com/intel?ll=48.460663,35.049743&z=17&pll=48.460663,35.049743",Hack this Portal,,,"48.460663,35.049743",After the reconstruction of the city council in 1969 the street was renamed to Upruvska. In 1901 a new building was erected on the site of the council - the City Duma. Since 1923 this street is called Ispolkomovska. In 2004 part of the street is singled out and renamed into Ekaterinoslavsky boulevard.
9,,,,,,,,3,Гиганская Улитка,"https://www.ingress.com/intel?ll=48.460708,35.050123&z=17&pll=48.460708,35.050123",Hack this Portal,,,"48.460708,35.050123",
9,,,,,,,,2,Аксельрод,"https://www.ingress.com/intel?ll=48.461455,35.05062&z=17&pll=48.461455,35.05062",Hack this Portal,,,"48.461455,35.05062",
9,,,,,,,,1,Дошка Скоробогатова,"https://www.ingress.com/intel?ll=48.461344,35.051049&z=17&pll=48.461344,35.051049",Hack this Portal,,,"48.461344,35.051049",
,,,,,,,,,,,,,,#VALUE!,
10,Any order,"MD: Dnipro, Troitskaya square",Троїцька площа,Троицкая площадь,"In 2016 it was named Troitskaya in honor of the Holy Trinity Cathedral, which was founded as the Church of the Holy Spirit on the site of the church in honor of the Kazan Icon of the Mother of God.","У 2016 році площа отримала назву Троїцької в честь Свято-Троїцького кафедрального собору - головного храму Дніпра, який закладений як церква Святого Духа на місці першої міської церкви на честь Казанської ікони Божої Матері.","В 2016 году получила название Троицкой в честь Свято-Троицкого кафедрального собора - главного храма Днепра, который заложен как церковь Святого Духа на месте первой городской церкви в честь Казанской иконы Божией Матери.",7,Chekanov,"https://www.ingress.com/intel?ll=48.462377,35.046584&z=17&pll=48.462377,35.046584",Hack this Portal,,,"48.462377,35.046584",
10,,,,,,,,6,Bulaenko,"https://www.ingress.com/intel?ll=48.462165,35.04611&z=17&pll=48.462165,35.04611",Hack this Portal,,,"48.462165,35.04611",
10,,,,,,,,5,Eparhia,"https://www.ingress.com/intel?ll=48.462228,35.045561&z=17&pll=48.462228,35.045561",Hack this Portal,,,"48.462228,35.045561",
10,,,,,,,,4,Троицкая церковь,"https://www.ingress.com/intel?ll=48.462834,35.045316&z=17&pll=48.462834,35.045316",Hack this Portal,,,"48.462834,35.045316",
10,,,,,,,,3,А. М. Калмыкова,"https://www.ingress.com/intel?ll=48.462634,35.044757&z=17&pll=48.462634,35.044757",Hack this Portal,,,"48.462634,35.044757",
10,,,,,,,,2,Вадим Сидур,"https://www.ingress.com/intel?ll=48.462931,35.044241&z=17&pll=48.462931,35.044241",Hack this Portal,,,"48.462931,35.044241",
10,,,,,,,,1,Кривошея,"https://www.ingress.com/intel?ll=48.46268,35.043893&z=17&pll=48.46268,35.043893",Hack this Portal,,,"48.46268,35.043893",
,,,,,,,,,,,,,,#VALUE!,
11,Any order,"MD: Dnipro, Central Square",Центральна площа,Центральная площадь,The central square of the city consists of two squares: Heroes of the Maidan and European. ,"Центральна площа міста складається з двох: площі героїв Майдану та Європейської.
Площа Героїв Майдану названа на честь тих, хто загинув під час Революції гідності у Києві. 
","Центральная площадь города состоит из двух площадей: Героев майдана и Европейской.
Площадь Героев Майдана названа в честь тех людей, которые погибли во время Революции Достоинства в Киеве.",8,ЦУМ,"https://www.ingress.com/intel?ll=48.465266,35.045851&z=17&pll=48.465266,35.045851",Hack this Portal,,,"48.465266,35.045851",
11,,,,,,,,7,ТЦ Европа,"https://www.ingress.com/intel?ll=48.465546,35.047022&z=17&pll=48.465546,35.047022",Hack this Portal,,,"48.465546,35.047022",
11,,,,,,,,6,Smart Tree,"https://www.ingress.com/intel?ll=48.465349,35.046996&z=17&pll=48.465349,35.046996",Hack this Portal,,,"48.465349,35.046996","The European boulevard with a new pavement, decorative lighting, landscaping and resting places was created in 2005 due to the City Day."
11,,,,,,,,5,Пассаж,"https://www.ingress.com/intel?ll=48.464743,35.04695&z=17&pll=48.464743,35.04695",Hack this Portal,,,"48.464743,35.04695",
11,,,,,,,,4,Карусель в Центре,"https://www.ingress.com/intel?ll=48.46496,35.04652&z=17&pll=48.46496,35.04652",Hack this Portal,,,"48.46496,35.04652",
11,,,,,,,,3,Памяти расстрелянным евреям,"https://www.ingress.com/intel?ll=48.464922,35.04613&z=17&pll=48.464922,35.04613",Hack this Portal,,,"48.464922,35.04613",
11,,,,,,,,2,Dnipro Tourist Centre,"https://www.ingress.com/intel?ll=48.464168,35.045677&z=17&pll=48.464168,35.045677",Hack this Portal,,,"48.464168,35.045677",
11,,,,,,,,1,Площадь Героев Майдана,"https://www.ingress.com/intel?ll=48.463954,35.04617&z=17&pll=48.463954,35.04617",Hack this Portal,,,"48.463954,35.04617",Square of Heroes of the Maidan is named in honor of those people who died during the Revolution of Dignity in Kyiv.
,,,,,,,,,,,,,,#VALUE!,
12,Any order,"MD: Dnipro, Theater boulevard",Театр Шевченка,Теарт Шевченко,"Dnipro Academic Ukrainian Music and Drama Theater named after Taras Shevchenko was founded in 1918 in Kyiv as the first professional theater of Ukraine, and was called the State Drama Theater.

The Teatralny boulevard of Dnipro was built during the reconstruction of the Shevchenko Theater. The building of the theater itself was completely reconstructed in the late 70's, from the old look of the theater there was practically nothing left. There`s a  sculpture called ""Muse"" on the facade of the apartment building which stands in front of the theater. The facade of the theater is decorated with three monumental bas-reliefs, dedicated to three stage plays of the theater: ""Gaydamaki"" - 1920, ""Zagibel eskadry"" - 1934, ""Navyki razom"" - 1950. On the theater boulevard there is the building of the Philharmonic Hall.
","Дніпровський академічний український музично-драматичний театр ім. Т. Г. Шевченка заснований в 1918 році в Києві як перший професійний театр України, що мав назву Державний драматичний театр.
Театральний бульвар Дніпра був побудований під час реконструкції Театру ім. Шевченка. Сама будівля театру була повністю реконструйована наприкінці 70-х років, зі старого вигляду театру практично нічого не залишилося. На фасаді житлового будинку, що стоїть перед театром, є скульптура під назвою ""Муза"". Фасад театру прикрашений трьома монументальними барельєфами, присвяченими трьом видатним виставам театру: «Гайдамаки» - 1920, «Загібель ескадри» - 1934, «Навіки разом» - 1950р. На театральному бульварі також знаходиться філармонія.
","Днепровский академический украинский музыкально-драматический театр им. Т. Г. Шевченко основан в 1918 году в Киеве как первый профессиональный театр Украины, который назывался Государственный драматический театр. 

Театральный бульвар Днепропетровска был построен во время реконструкции театра им. Шевченко. Здание самого театра было полностью реконструировано в конце 70-х, от старого облика театра практически ничего не осталось. Перед театром на фасаде жилого дома висит скульптура “Муза”. Фасад же самого театра украшают три монументальных барельефа, посвященных трем этапным пьесам театра: ""Гайдамаки""- 1920, ""Загибель ескадри"" - 1934, ""Навіки разом"" - 1950. На театральном бульваре находится здание филармонии.",1,Arist Leonid,"https://www.ingress.com/intel?ll=48.468695,35.043095&z=17&pll=48.468695,35.043095",Hack this Portal,,,"48.468695,35.043095",
12,,,,,,,,2,пам'ятник Шевченку Т.Г.,"https://www.ingress.com/intel?ll=48.468531,35.042854&z=17&pll=48.468531,35.042854",Hack this Portal,,,"48.468531,35.042854",
12,,,,,,,,3,Театр Шевченка,"https://www.ingress.com/intel?ll=48.468242,35.043405&z=17&pll=48.468242,35.043405",Hack this Portal,,,"48.468242,35.043405",
12,,,,,,,,4,Театральний фонтан,"https://www.ingress.com/intel?ll=48.467715,35.044244&z=17&pll=48.467715,35.044244",Hack this Portal,,,"48.467715,35.044244",
12,,,,,,,,5,Люстра,"https://www.ingress.com/intel?ll=48.467853,35.043302&z=17&pll=48.467853,35.043302",Hack this Portal,,,"48.467853,35.043302",
12,,,,,,,,6,Памятник Архитектуры,"https://www.ingress.com/intel?ll=48.468108,35.042966&z=17&pll=48.468108,35.042966",Hack this Portal,,,"48.468108,35.042966",
12,,,,,,,,7,Днiпропетровська Фiлармонiя,"https://www.ingress.com/intel?ll=48.467894,35.042622&z=17&pll=48.467894,35.042622",Hack this Portal,,,"48.467894,35.042622",
,,,,,,,,,,,,,,#VALUE!,
13,Any order,"MD: Dnipro, Oleksandr Pol Monument",Пам’ятник Олександру Полю,Памятник Александру Полю,"Olexander Pol (20 August 1832 – 26 July 1890) was a ukrainian archaeologist, geologist, ethnographer and businessman who became known after discovering Kryvbas - a major iron ore region of Eastern Europe.
The First Honorary Citizen of Ekaterinoslav city.
","Олександр Миколайович Поль (20 серпня 1832, Малоолександрівка - 26 липень 1890, Катеринослав) - титулярний радник, археолог, письменник, громадський діяч, підприємець, який став загально відомим після відкриття ним Кривбасу - головного залізного рудного регіону Східної Європи.
Перший Почесний громадянин Катеринослава.
","Алекса́ндр Никола́евич Поль (20 августа 1832, Малоалександровка — 26 июля 1890, Екатеринослав) — титулярный советник, археолог, писатель, общественный деятель, предприниматель, который стал известен после открытия Кривбаса - крупного железорудного региона Восточной Европы.
Первый почётный гражданин Екатеринослава.
",6,Шпиль,"https://www.ingress.com/intel?ll=48.46821,35.03807&z=17&pll=48.46821,35.03807",Hack this Portal,,,"48.46821,35.03807",
13,,,,,,,,5,Олександру Миколайовичу Полю,"https://www.ingress.com/intel?ll=48.467546,35.038979&z=17&pll=48.467546,35.038979",Enter the passphrase,Year of birth of Olexander Pol? Рік народження Олександра Поля?,1832,"48.467546,35.038979",
13,,,,,,,,4,Горсовет,"https://www.ingress.com/intel?ll=48.466858,35.040145&z=17&pll=48.466858,35.040145",Hack this Portal,,,"48.466858,35.040145",
13,,,,,,,,3,Historical House ,"https://www.ingress.com/intel?ll=48.466682,35.041247&z=16&pll=48.466682,35.041247",Hack this Portal,,,"48.466682,35.041247",
13,,,,,,,,2,Дом на Ленина,"https://www.ingress.com/intel?ll=48.466516,35.041584&z=18&pll=48.466516,35.041584",Hack this Portal,,,"48.466516,35.041584",
13,,,,,,,,1,Готель Україна,"https://www.ingress.com/intel?ll=48.465206,35.043907&z=18&pll=48.465206,35.043907",Hack this Portal,,,"48.465206,35.043907",
,,,,,,,,,,,,,,#VALUE!,
14,Any order,"MD: Dnipro, Heroiv Garden Square",Сквер Героїв,Сквер Героев,"Until 1927 on the site of the Square of Heroes there was the prison’s square. In 1927 there was laid out a park. In the early 1970s the area of the square was thoroughly reconstructed. In the center of the square there is a fountain. The Alley of Heroes is located in the square, that became the most extensive memorial complex in Ukraine, dedicated to the deceased at the time of the Revolution of Dignity and the heroes of ATO.","До 1927 года на этом месте была тюремная площадь. В 1927 году был основан парк, который был в корне реконструирован в начале 1970-х годов. В центре площади есть фонтан. Также здесь расположена Аллея Героев, которая стала крупнейшим в Украине мемориальным комплексом, посвященным погибшим во время Революции достоинства и героям АТО.","До 1927 року на цьому місці була тюремна площа. У 1927 році був заснований парк, який був докорінно реконструйований  на початку 1970-х років. У центрі площі є фонтан. Також тут розташована Алея Героїв, яка стала найбільшим в Україні меморіальним комплексом, присвяченим померлим під час Революції достоїнства та героям АТО.",10,Мемориал Воинам АТО,"https://www.ingress.com/intel?ll=48.465773,35.030325&z=17&pll=48.465773,35.030325",Hack this Portal,,,"48.465773,35.030325",
14,,,,,,,,9,Heroes Never Die,"https://www.ingress.com/intel?ll=48.466072,35.030573&z=17&pll=48.466072,35.030573",Hack this Portal,,,"48.466072,35.030573",
14,,,,,,,,8,Фонтан,"https://www.ingress.com/intel?ll=48.46595,35.031795&z=17&pll=48.46595,35.031795",Hack this Portal,,,"48.46595,35.031795",
14,,,,,,,,7,Monument to Victims of the Chernoby,"https://www.ingress.com/intel?ll=48.465365,35.031307&z=17&pll=48.465365,35.031307",Hack this Portal,,,"48.465365,35.031307",
14,,,,,,,,6,Park sculpture,"https://www.ingress.com/intel?ll=48.464935,35.031846&z=17&pll=48.464935,35.031846",Hack this Portal,,,"48.464935,35.031846",
14,,,,,,,,5,Fight on Horseback,"https://www.ingress.com/intel?ll=48.465368,35.032325&z=18&pll=48.465368,35.032325",Hack this Portal,,,"48.465368,35.032325",
14,,,,,,,,4,Шар В Парке,"https://www.ingress.com/intel?ll=48.465601,35.032818&z=17&pll=48.465601,35.032818",Hack this Portal,,,"48.465601,35.032818",
14,,,,,,,,3,Love,"https://www.ingress.com/intel?ll=48.465956,35.033037&z=17&pll=48.465956,35.033037",Hack this Portal,,,"48.465956,35.033037",
14,,,,,,,,2,Impale,"https://www.ingress.com/intel?ll=48.466055,35.033652&z=17&pll=48.466055,35.033652",Hack this Portal,,,"48.466055,35.033652",
14,,,,,,,,1,"Goalkeeper, Dnipropetrovs'k","https://www.ingress.com/intel?ll=48.466111,35.033888&z=17&pll=48.466111,35.033888",Hack this Portal,,,"48.466111,35.033888",
,,,,,,,,,,,,,,#VALUE!,
15,Any order,"MD: Dnipro, Rocket Park",Мезей ракет,Музей ракет,"It is a museum, dedicated to the Ukrainian contribution to the aerospace industry. It was opened on October 29, 2013. The basis of the exhibition is the full-scale models of the rockets.","Сьогоднішній сучасний центр інноваційних технологій «Парк ракет» створений для того, щоб зробити доступною громадськості історію Дніпра як космічної столиці України. У парку представлені засекречені за радянських часів ракети, які в різні роки були розроблені та вироблені Південним машинобудівним заводом.","Сегодняшний современный центр инновационных технологий «Парк ракет» создан для того, чтобы сделать доступной для общественности историю космической столицы Украины. В парке представлены засекреченные в советское время ракеты, которые в разные годы были сооружены на Южном машиностроительном заводе.",6,Дніпропетровська обласна рада,"https://www.ingress.com/intel?ll=48.467009,35.029382&z=17&pll=48.467009,35.029382",Hack this Portal,,,"48.467009,35.029382",
15,,,,,,,,5,Доска почета,"https://www.ingress.com/intel?ll=48.46628,35.029188&z=17&pll=48.46628,35.029188",Hack this Portal,,,"48.46628,35.029188",
15,,,,,,,,4,8k99 Rocket,"https://www.ingress.com/intel?ll=48.466058,35.029413&z=18&pll=48.466058,35.029413",Hack this Portal,,,"48.466058,35.029413",
15,,,,,,,,3,8k11 Rocket,"https://www.ingress.com/intel?ll=48.465934,35.028901&z=18&pll=48.465934,35.028901",Hack this Portal,,,"48.465934,35.028901",
15,,,,,,,,2,Museum,"https://www.ingress.com/intel?ll=48.465804,35.029016&z=18&pll=48.465804,35.029016",Hack this Portal,,,"48.465804,35.029016",
15,,,,,,,,1,Cyclone-3 Rocket Booster,"https://www.ingress.com/intel?ll=48.465666,35.028699&z=18&pll=48.465666,35.028699",Hack this Portal,,,"48.465666,35.028699",
,,,,,,,,,,,,,,#VALUE!,
16,Any order,"MD: Dnipro, Lazar Hloba Park",Парк Лазаря Глоби,Парк Лазаря Глобы,"In 1743 the cossack Lazar Hloba settled opposite the Monastery Island and devoted himself to gardening. His first garden is now part of Shevchenko park, and his second garden proudly bears his name.",У 1743 році козак Лазар Глоба оселився навпроти Монастирського острова і присвятив себе садівництву. Перший сад з лісовими і плодовими деревами він заснував навколо свого житла - зараз це північно-східна частина парку Шевченка. Другий його сад теж став парком і сьогодні носить його ім'я.,В 1743 году казак Лазарь Глоба поселился напротив Монастырского острова и посвятил себя садоводству. Первый сад с лесными и плодовыми деревьями он основал вокруг своего жилища – сейчас это северо-восточная часть парка Шевченко. Второй его сад тоже стал парком и сегодня носит его имя.,9,Вход В Парк Глобы,"https://www.ingress.com/intel?ll=48.469907,35.034762&z=18&pll=48.469907,35.034762",Hack this Portal,,,"48.469907,35.034762",
16,,,,,,,,8,Герб,"https://www.ingress.com/intel?ll=48.469148,35.032931&z=17&pll=48.469148,35.032931",Hack this Portal,,,"48.469148,35.032931",
16,,,,,,,,7,Little Prince,"https://www.ingress.com/intel?ll=48.469517,35.031829&z=17&pll=48.469517,35.031829",Hack this Portal,,,"48.469517,35.031829",
16,,,,,,,,6,Детская железная дорога,"https://www.ingress.com/intel?ll=48.470212,35.031369&z=17&pll=48.470212,35.031369",Hack this Portal,,,"48.470212,35.031369",
16,,,,,,,,5,Башня Развлечений,"https://www.ingress.com/intel?ll=48.470701,35.03055&z=17&pll=48.470701,35.03055",Hack this Portal,,,"48.470701,35.03055",
16,,,,,,,,4,Перекресток с апельсином,"https://www.ingress.com/intel?ll=48.471183,35.028391&z=17&pll=48.471183,35.028391",Hack this Portal,,,"48.471183,35.028391",
16,,,,,,,,3,Летний кинотеатр в Парке Глобы,"https://www.ingress.com/intel?ll=48.470757,35.028333&z=17&pll=48.470757,35.028333",Hack this Portal,,,"48.470757,35.028333",
16,,,,,,,,2,Voytsekhovich V.A. Monument,"https://www.ingress.com/intel?ll=48.470619,35.027553&z=17&pll=48.470619,35.027553",Hack this Portal,,,"48.470619,35.027553",
16,,,,,,,,1,Fontan Vozle Parka,"https://www.ingress.com/intel?ll=48.468305,35.030773&z=17&pll=48.468305,35.030773",Hack this Portal,,,"48.468305,35.030773",
,,,,,,,,,,,,,,#VALUE!,
17,Sequential,"MD: Dnipro, Alfred Nobel University",Університет імені Альфреда Нобеля,Университет имени Альфреда Нобеля,"Founded in 1993 as the Dnipropetrovsk Academy of Management, Business and Law. It was awarded the name of Alfred Nobel in 2010 for significant contribution to the development of the Nobel movement.","Університет ім. Альфреда Нобеля - приватний вищий навчальний заклад, заснований в 1993 р. як Дніпропетровська академія управління, бізнесу і права. У 2010 році за вагомий внесок у розвиток і поширення Нобелівського руху в Україні і за кордоном, університету було присуджено ім'я Альфреда Нобеля.","Университет им. Альфреда Нобеля - частное высшее учебное заведение, основанное в 1993г. как Днепропетровская академия управления, бизнеса и права. В 2010 году за весомый вклад в развитие и распространение Нобелевского движения в Украине и за границей, университету было присуждено имя Альфреда Нобеля.
",1,Камень основания ДУЕП,"https://www.ingress.com/intel?ll=48.472166,35.04293&z=18&pll=48.472166,35.04293",Hack this Portal,Year of foundation of Dnepropetrovsk University of Economics and Law? Рік заснування Дніпропетровського Університету Економіки і Права?,1993,"48.472166,35.04293",
17,,,,,,,,2,Скульптурная композиция Планет,"https://www.ingress.com/intel?ll=48.471861,35.043293&z=20&pll=48.471861,35.043293",Hack this Portal,,,"48.471861,35.043293",
17,,,,,,,,3,Planeta Alfreda Nobelya Sculpture,"https://www.ingress.com/intel?ll=48.471871,35.043129&z=20&pll=48.471871,35.043129",Hack this Portal,"Year of installation of the sculpture ""Planeta Alfreda Nobelya Sculpture""? Рік встановлення скульптури ""Planeta Alfreda Nobelya Sculpture""?",2008,"48.471871,35.043129",
17,,,,,,,,4,Sculptural Composition of A. Nobel Planet,"https://www.ingress.com/intel?ll=48.471982,35.04365&z=20&pll=48.471982,35.04365",Hack this Portal,,,"48.471982,35.04365",
17,,,,,,,,5,Планета А. Нобеля,"https://www.ingress.com/intel?ll=48.47192,35.043101&z=20&pll=48.47192,35.043101",Hack this Portal,,,"48.47192,35.043101",
17,,,,,,,,6,А. Нобель,"https://www.ingress.com/intel?ll=48.471793,35.043558&z=20&pll=48.471793,35.043558",Hack this Portal,,,"48.471793,35.043558",
17,,,,,,,,7,Alfred Nobel University,"https://www.ingress.com/intel?ll=48.472072,35.043269&z=20&pll=48.472072,35.043269",Hack this Portal,,,"48.472072,35.043269",
17,,,,,,,,8,Memorial Board,"https://www.ingress.com/intel?ll=48.47186,35.043208&z=20&pll=48.47186,35.043208",Hack this Portal,,,"48.47186,35.043208",
17,,,,,,,,9,Alfred Nobel Planet,"https://www.ingress.com/intel?ll=48.472007,35.043116&z=20&pll=48.472007,35.043116",Hack this Portal,,,"48.472007,35.043116",
17,,,,,,,,10,Планета Альфреда Нобеля,"https://www.ingress.com/intel?ll=48.471897,35.043208&z=21&pll=48.471897,35.043208",Hack this Portal,,,"48.471897,35.043208",
,,,,,,,,,,,,,,#VALUE!,
18,Any order,"MD: Dnipro, Monument to soldiers in Afghanistan",Пам’ятник воїнам-афганцям,Памятник воинам-афганцам,"The first monument to the dead soldiers-Afghans in Ukraine, also known as the ""Explosion of Memory"". Established in 1989 and created by the sculptor Y.P. Pavlov and the architect V. Shulgin. The memorial complex consists of two monuments located next to each other - one is dedicated to soldiers who died in Afghanistan, whose names are placed on the monument on the copper plates, and the second - to missing and died after the war from mental and physical wounds.","Перший пам'ятник загиблим воїнам-афганцям в Україні, також відомий як ""Вибух пам'яті"". Створений в 1989 році скульптором Ю.П. Павловим та архітектором В. Шульгіним. Меморіальний комплекс складається з двох пам'ятників, розташованих поруч один з одним - один присвячений солдатам, загиблим в Афганістані, чиї імена розміщені на пам'ятнику на мідних пластинах, а другий тим, що зникли безвісти або померли після війни від психічних та фізичних ран.","Первый в Украине памятник погибшим воинам-афганцам, также известный под названием “Взрыв памяти”. Установлен в 1989 г. Создан скульптором Павловым Ю.П. и архитектором Шульгиным В. Мемориальный комплекс состоит из двух памятников находящихся рядом друг с другом – один воинам, погибшим в Афганистане, чьи имена размещены на монументе на медных табличках, а второй пропавшим без вести и умершим после войны от душевных и физических ран. Второй памятник представляет собой стилизованную мраморную могильную плиту, на которой лежит вырезанная из гранита дубовая ветвь, как символ воинской доблести.",8,V.F. Margelov Monument,"https://www.ingress.com/intel?ll=48.47166,35.046593&z=17&pll=48.47166,35.046593",Hack this Portal,,,"48.47166,35.046593",
18,,,,,,,,7,Памятная табличка Решетилову,"https://www.ingress.com/intel?ll=48.471308,35.046591&z=17&pll=48.471308,35.046591",Hack this Portal,,,"48.471308,35.046591",
18,,,,,,,,6,Гальченко В.И.,"https://www.ingress.com/intel?ll=48.471425,35.046128&z=17&pll=48.471425,35.046128",Hack this Portal,,,"48.471425,35.046128",
18,,,,,,,,5,Памятник Воинам-интернационалистам,"https://www.ingress.com/intel?ll=48.472264,35.04477&z=17&pll=48.472264,35.04477",Hack this Portal,,,"48.472264,35.04477",
18,,,,,,,,4,Братьям по оружию,"https://www.ingress.com/intel?ll=48.472298,35.044557&z=17&pll=48.472298,35.044557",Hack this Portal,,,"48.472298,35.044557",
18,,,,,,,,3,Фонтан Одуванчик,"https://www.ingress.com/intel?ll=48.472849,35.042665&z=17&pll=48.472849,35.042665",Hack this Portal,,,"48.472849,35.042665",
18,,,,,,,,2,Якорь,"https://www.ingress.com/intel?ll=48.473886,35.041092&z=17&pll=48.473886,35.041092",Hack this Portal,,,"48.473886,35.041092",
18,,,,,,,,1,Поплавок,"https://www.ingress.com/intel?ll=48.474163,35.041601&z=17&pll=48.474163,35.041601",Hack this Portal,,,"48.474163,35.041601",
,,,,,,,,,,,,,,#VALUE!,
19,Any order,"MD: Dnipro, Cathedral of St. John the Baptist",Храм на честь Собору Святого Іоанна Хрестителя,Храм в честь Собора Святого Иоанна Крестителя,"Construction in 2007-2013, architect: Alexander Ploskonos. The temple is built in the form of a Greek cross, crowned with the sculpture of John the Baptist. The author of the temple is Odessa’s sculptor Nikolai Khudoley. The sculpture is 4.6m high and was cast on the mechanical engineering plant ”Yuzhny”. There’s the lower temple in the basement of the building which was erected in honor of the Prophet Zechariah and the righteous Elizabeth. 
","Побудований у 2007-2013 рр., Архітектор: Олександр Плосконос. Храм побудований у вигляді грецького хреста, увінчаного скульптурою Іоанна Хрестителя. Автор храму - одеський скульптор Микола Худолей. Скульптура висотою 4,6 м і була відлита на машинобудівному заводі ""Південний"". У підвалі будівлі знаходиться нижній храм зведений на честь пророка Захарії та праведної Єлизавети.","Строительство 2007-2013 гг. Архитектор: Александр Плосконос.
Храм построен в форме греческого креста, увенчан скульптурой Иоанна Крестителя, автором которой является одесский скульптор Николай Худолей. Скульптура высотой 4,6 м отлита на Южном машиностроительном заводе. В цокольной части здания находится нижний храм в честь пророка Захария и праведной Елизаветы. К нижней части храма примыкает пантон, оборудованный купелью, где жители могут погружаться в воды Днепра 19 января на праздник Крещения Господня.",6,Західний барельєф,"https://www.ingress.com/intel?ll=48.470381,35.051673&z=17&pll=48.470381,35.051673",Hack this Portal,,,"48.470381,35.051673",
19,,,,,,,,5,Реконструкция,"https://www.ingress.com/intel?ll=48.47091,35.050131&z=17&pll=48.47091,35.050131",Hack this Portal,,,"48.47091,35.050131",
19,,,,,,,,4,Крест У Храма,"https://www.ingress.com/intel?ll=48.47134,35.049743&z=17&pll=48.47134,35.049743",Hack this Portal,,,"48.47134,35.049743",
19,,,,,,,,3,Храм Йоана Предтечі,"https://www.ingress.com/intel?ll=48.471043,35.049457&z=17&pll=48.471043,35.049457",Hack this Portal,,,"48.471043,35.049457",
19,,,,,,,,2,памятник Демъянченко,"https://www.ingress.com/intel?ll=48.47096,35.049175&z=17&pll=48.47096,35.049175",Hack this Portal,,,"48.47096,35.049175",
19,,,,,,,,1,Памятник Сташкову,"https://www.ingress.com/intel?ll=48.471423,35.04774&z=17&pll=48.471423,35.04774",Hack this Portal,,,"48.471423,35.04774",
,,,,,,,,,,,,,,#VALUE!,
20,Any order,"MD: Dnipro, Youth of the Dnieper",Юність Дніпра,Юность Днепра,"Created by Peter E. Kutsenko in 1982. Creation was inspired by Ivan Kupala's national holiday. In 1984 it was installed on the waterfront, but was removed by the decision of the Regional Committee of the CPSU because of Ukrainian shirts on girls and considered as propagating Ukrainian symbols. And only after almost 13 years during the reconstruction of the Dnipro bank the mayor personally asked the sculptor to agree to decorate the renovated embankment with this sculpture.","Створена Петром Євлампійовичем Куценком у 1982 році. Відлита у бронзі, загальна вага скульптури три з половиною тони. Натхненням для створення було народне свято Івана Купала. У 1984 році її встановили на набережній, проте через українські сорочки на дівчинах її зняли за рішенням обкому КПРС, як таку, що пропагує українське, і лише через майже 13 років, з початком реконструкції берега Дніпра, мер особисто попросив скульптора погодитися прикрасити нею оновлену набережну.","Создана Петром Евлампиевичем Куценко в 1982 году. Отлита в бронзе, общий вес скульптуры три с половиной тонны. Вдохновением для создания был народный праздник Ивана Купала. В 1984 году ее установили на набережной, однако из-за украинских рубашек на девушках его сняли по решению обкома КПСС, как пропагандирующую украинское, и только спустя почти 13 лет, с началом реконструкции берега Днепра, мэр лично попросил скульптора согласиться украсить ею обновленную набережную.",6,Скульптура рыба,"https://www.ingress.com/intel?ll=48.46928,35.055475&z=17&pll=48.46928,35.055475",Hack this Portal,,,"48.46928,35.055475",
20,,,,,,,,5,Minion Trash,"https://www.ingress.com/intel?ll=48.469607,35.054521&z=17&pll=48.469607,35.054521",Hack this Portal,,,"48.469607,35.054521",
20,,,,,,,,4,"""Юність Дніпра"", скульптурна к","https://www.ingress.com/intel?ll=48.469932,35.054093&z=17&pll=48.469932,35.054093",Hack this Portal,,,"48.469932,35.054093",
20,,,,,,,,3,Доблестным Воинам (1943 Год),"https://www.ingress.com/intel?ll=48.470078,35.053439&z=17&pll=48.470078,35.053439",Hack this Portal,,,"48.470078,35.053439",
20,,,,,,,,2,Грудь Карины,"https://www.ingress.com/intel?ll=48.470116,35.05307&z=17&pll=48.470116,35.05307",Hack this Portal,,,"48.470116,35.05307",
20,,,,,,,,1,Барельеф,"https://www.ingress.com/intel?ll=48.47027,35.052202&z=17&pll=48.47027,35.052202",Hack this Portal,,,"48.47027,35.052202",
,,,,,,,,,,,,,,#VALUE!,
21,Any order,"MD: Dnipro, Swan Fountain",Фонтан Лебідь,Фонтан Лебедь,"It is a floating fountain that was set on the embankment in 2005. The height of the central jet reaches 50 meters, the effect of wingspan of the swan is achieved due to the movement of the side jets.","Плавучий фонтан, який було встановлено на набережній у 2005 році. Висота центрального струменя сягає 50 метрів, а ефект розмаху крил лебедя досягається завдяки руху бічних струменів.","Плавающий фонтан, установленный на набережной в 2005 году. Высота центральной струи достигает 50 метров, а эффект размаха лебедя достигается за счет движения боковых струй.",7,Памятник Русалке,"https://www.ingress.com/intel?ll=48.467746,35.060721&z=17&pll=48.467746,35.060721",Hack this Portal,,,"48.467746,35.060721",
21,,,,,,,,6,Казак Мамай,"https://www.ingress.com/intel?ll=48.468016,35.060157&z=17&pll=48.468016,35.060157",Hack this Portal,,,"48.468016,35.060157",
21,,,,,,,,5,Памятник Семье и ребенку,"https://www.ingress.com/intel?ll=48.468371,35.058619&z=17&pll=48.468371,35.058619",Hack this Portal,,,"48.468371,35.058619",
21,,,,,,,,4,Любимой бабушке,"https://www.ingress.com/intel?ll=48.468506,35.058385&z=17&pll=48.468506,35.058385",Hack this Portal,,,"48.468506,35.058385",
21,,,,,,,,3,Нео-баба,"https://www.ingress.com/intel?ll=48.468561,35.057789&z=17&pll=48.468561,35.057789",Hack this Portal,,,"48.468561,35.057789",
21,,,,,,,,2,Гостиница Днепрсити,"https://www.ingress.com/intel?ll=48.468702,35.056353&z=17&pll=48.468702,35.056353",Enter the passphrase,How many star hotel is it? Скільки зірок у готелю?,3,"48.468702,35.056353",
21,,,,,,,,1,Днепр Фонтан,"https://www.ingress.com/intel?ll=48.469345,35.056402&z=17&pll=48.469345,35.056402",Hack this Portal,,,"48.469345,35.056402",
,,,,,,,,,,,,,,#VALUE!,
22,Any order,"MD: Dnipro, Family Bench",Сімейна лавка,Семейная Лавочка,"The longest in Ukraine, so called Family Bench, spanning exactly 50 meters in length. It is recorded in the book of records of Ukraine.","Найдовша в Україні «Сімейна лавка», рівно 50 метрів в довжину. Занесена в книгу рекордів України.","Самая длинная в Украине «Семейная лавочка», размером ровно в 50 метров занесена в книгу рекордов Украины.",7,Map of Ukraine,"https://www.ingress.com/intel?ll=48.467602,35.062132&z=17&pll=48.467602,35.062132",Enter the passphrase,"
How many hearts are on ""Map of Ukraine""? Скільки сердець на ""Map of Ukraine""?",25,"48.467602,35.062132",
22,,,,,,,,6,Sculpture,"https://www.ingress.com/intel?ll=48.467414,35.06189&z=17&pll=48.467414,35.06189",Hack this Portal,,,"48.467414,35.06189",
22,,,,,,,,5,Wings of Love,"https://www.ingress.com/intel?ll=48.467451,35.061428&z=17&pll=48.467451,35.061428",Hack this Portal,,,"48.467451,35.061428",
22,,,,,,,,4,Котопёс,"https://www.ingress.com/intel?ll=48.467633,35.061623&z=17&pll=48.467633,35.061623",Hack this Portal,,,"48.467633,35.061623",
22,,,,,,,,3,Антидождь,"https://www.ingress.com/intel?ll=48.467733,35.061467&z=17&pll=48.467733,35.061467",Hack this Portal,,,"48.467733,35.061467",
22,,,,,,,,2,Амур,"https://www.ingress.com/intel?ll=48.467719,35.06138&z=17&pll=48.467719,35.06138",Hack this Portal,,,"48.467719,35.06138",
22,,,,,,,,1,Sculpture,"https://www.ingress.com/intel?ll=48.467647,35.061146&z=17&pll=48.467647,35.061146",Hack this Portal,,,"48.467647,35.061146",
,,,,,,,,,,,,,,#VALUE!,
23,Any order,"MD: Dnipro, Wish Ball",Куля Бажань,Шар Желаний,"One of the main symbols of the city, the Wish Ball, is located at the so called Festival Berth of Dnieper promenade. The Ball is also called ""Pearl of the Dnieper"" or ""Ball of Peace and Love"". Was placed in 2005 made of hundreds of glass plates.","Частина Набережної, так званий Фестивальний причал. Тут знаходиться один з головних символів міста - Скляна Куля Бажань або ""Перлина Дніпра"", ""Куля світу і любові"". Вперше кулю встановлено в 2005 році.","Часть Набережной, называемой Фестивальный причал. Здесь расположен один из главных символов города - Стеклянный Шар, также называемый “Жемчужина Днепра”, “Шар желаний”, “Шар мира и любви”. Впервые установлен в 2005 году.",8,Лава закоханих,"https://www.ingress.com/intel?ll=48.464189,35.073257&z=17&pll=48.464189,35.073257",Hack this Portal,,,"48.464189,35.073257",
23,,,,,,,,7,Колобки,"https://www.ingress.com/intel?ll=48.464365,35.073076&z=17&pll=48.464365,35.073076",Hack this Portal,,,"48.464365,35.073076",
23,,,,,,,,6,Украïнка,"https://www.ingress.com/intel?ll=48.464907,35.072495&z=17&pll=48.464907,35.072495",Hack this Portal,,,"48.464907,35.072495",
23,,,,,,,,5,скифские бабы,"https://www.ingress.com/intel?ll=48.465728,35.069807&z=17&pll=48.465728,35.069807",Hack this Portal,,,"48.465728,35.069807",
23,,,,,,,,4,Каменная Баба,"https://www.ingress.com/intel?ll=48.466057,35.066837&z=17&pll=48.466057,35.066837",Hack this Portal,,,"48.466057,35.066837",
23,,,,,,,,3,Glass Bowl,"https://www.ingress.com/intel?ll=48.466691,35.066393&z=17&pll=48.466691,35.066393",Hack this Portal,,,"48.466691,35.066393",
23,,,,,,,,2,I Love Dnipro,"https://www.ingress.com/intel?ll=48.46712,35.06409&z=17&pll=48.46712,35.06409",Enter the passphrase,"
Name of the current portal? Назва цього порталу?",I Love Dnipro,"48.46712,35.06409",
23,,,,,,,,1,Iron Bike,"https://www.ingress.com/intel?ll=48.466609,35.064264&z=17&pll=48.466609,35.064264",Hack this Portal,,,"48.466609,35.064264",
,,,,,,,,,,,,,,#VALUE!,
24,Any order,"MD: Dnipro, Monastyrsky Island",Монастирський острів,Монастырский остров,"The island received its name from a IX century Byzantine monastery. It has one of the biggest Shevchenko monuments, beaches, an aquarium, terrarium and water sports clubs where you can rent a boat.","Назву «Монастирський» острів отримав від існувавшого візантійського монастиря, заснованого в IX столітті. У 1958 р на острові встановлено пам'ятник Т. Г. Шевченко - один з найбільших в Україні. На острові розташовані: акваріум прісноводних риб, тераріум, водно-спортивні клуби і бази, де можна взяти напрокат човен. У нижній частині острова розташовані пляжі.","Название «Монастырский» остров получил от существовавшего византийского монастыря, основанного в IX веке. В 1958 г. на острове установлен памятник Т. Г. Шевченко — один из самых больших в Украине. На острове расположены: аквариум пресноводных рыб, террариум, водно-спортивные клубы и базы, где можно взять напрокат лодку. В нижней части острова расположены пляжи.",7,artificial waterfall,"https://www.ingress.com/intel?ll=48.465969,35.073077&z=17&pll=48.465969,35.073077",Hack this Portal,,,"48.465969,35.073077",
24,,,,,,,,6,Крест,"https://www.ingress.com/intel?ll=48.466132,35.07318&z=17&pll=48.466132,35.07318",Hack this Portal,,,"48.466132,35.07318",
24,,,,,,,,5,Orthodox church of St. Nichola,"https://www.ingress.com/intel?ll=48.466856,35.072645&z=17&pll=48.466856,35.072645",Hack this Portal,,,"48.466856,35.072645",
24,,,,,,,,4,Taras Shevchenko,"https://www.ingress.com/intel?ll=48.466292,35.074191&z=17&pll=48.466292,35.074191",Hack this Portal,,,"48.466292,35.074191",
24,,,,,,,,3,Колесо обозрения,"https://www.ingress.com/intel?ll=48.466291,35.07671&z=17&pll=48.466291,35.07671",Enter the passphrase,How many gondolas in Ferris wheel? Скільки кабінок на колесі?,20,"48.466291,35.07671",
24,,,,,,,,2,Zoo,"https://www.ingress.com/intel?ll=48.465033,35.077299&z=17&pll=48.465033,35.077299",Hack this Portal,,,"48.465033,35.077299",
24,,,,,,,,1,ДЗМО Водная База,"https://www.ingress.com/intel?ll=48.46505,35.076927&z=17&pll=48.46505,35.076927",Hack this Portal,,,"48.46505,35.076927",